{"loss":1.7831933498382568,"pretrained_avg_outcome":-0.953125,"value_loss":0.40027016401290894,"_timestamp":1.773861586370799e+09,"_wandb":{"runtime":5508},"policy_loss":1.3829231262207031,"greedy_avg_outcome":0.953125,"_step":26214400,"_runtime":5508.924898298}