{"_timestamp":1.7738553802437732e+09,"_step":1024,"loss":23.59945297241211,"policy_loss":23.347253799438477,"_wandb":{"runtime":450},"_runtime":450.48075695,"value_loss":0.2522008419036865}