{"_step":128,"_wandb":{"runtime":331},"_runtime":331.622562137,"loss":0.49579480290412903,"policy_loss":0.4433269500732422,"value_loss":0.052467841655015945,"_timestamp":1.7737986392536373e+09,"TwoPlayerTester_avg_outcome":0}